CVEGEO,Municipio,CP
15001,Acambay,50300
15001,Acambay,50303
15001,Acambay,50304
15001,Acambay,50305
15001,Acambay,50306
15001,Acambay,50310
15001,Acambay,50313
15001,Acambay,50314
15001,Acambay,50315
15001,Acambay,50320
15001,Acambay,50323
15001,Acambay,50324
15001,Acambay,50325
15001,Acambay,50326
15001,Acambay,50330
15001,Acambay,50333
15001,Acambay,50334
15001,Acambay,50335
15001,Acambay,50336
15001,Acambay,50337
15001,Acambay,50340
15001,Acambay,50343
15001,Acambay,50344
15001,Acambay,50345
15001,Acambay,50350
15001,Acambay,50353
15001,Acambay,50354
15001,Acambay,50355
15001,Acambay,50356
15001,Acambay,50357
15002,Acolman,55870
15002,Acolman,55873
15002,Acolman,55874
15002,Acolman,55875
15002,Acolman,55876
15002,Acolman,55877
15002,Acolman,55878
15002,Acolman,55880
15002,Acolman,55882
15002,Acolman,55883
15002,Acolman,55884
15002,Acolman,55885
15002,Acolman,55886
15002,Acolman,55887
15002,Acolman,55888
15002,Acolman,55890
15002,Acolman,55893
15002,Acolman,55894
15002,Acolman,55895
15002,Acolman,55899
15003,Aculco,50360
15003,Aculco,50370
15003,Aculco,50373
15003,Aculco,50374
15003,Aculco,50375
15003,Aculco,50376
15003,Aculco,50380
15003,Aculco,50383
15003,Aculco,50384
15003,Aculco,50385
15003,Aculco,50386
15003,Aculco,50393
15003,Aculco,50394
15003,Aculco,50395
15003,Aculco,50396
15003,Aculco,50397
15004,Almoloya de Alquisiras,51860
15004,Almoloya de Alquisiras,51863
15004,Almoloya de Alquisiras,51864
15004,Almoloya de Alquisiras,51865
15004,Almoloya de Alquisiras,51866
15004,Almoloya de Alquisiras,51867
15004,Almoloya de Alquisiras,51870
15004,Almoloya de Alquisiras,51873
15004,Almoloya de Alquisiras,51874
15004,Almoloya de Alquisiras,51875
15004,Almoloya de Alquisiras,51876
15004,Almoloya de Alquisiras,51877
15004,Almoloya de Alquisiras,51880
15004,Almoloya de Alquisiras,51883
15004,Almoloya de Alquisiras,51887
15005,Almoloya de Juárez,50900
15005,Almoloya de Juárez,50903
15005,Almoloya de Juárez,50904
15005,Almoloya de Juárez,50906
15005,Almoloya de Juárez,50907
15005,Almoloya de Juárez,50910
15005,Almoloya de Juárez,50917
15005,Almoloya de Juárez,50920
15005,Almoloya de Juárez,50924
15005,Almoloya de Juárez,50925
15005,Almoloya de Juárez,50926
15005,Almoloya de Juárez,50927
15005,Almoloya de Juárez,50930
15005,Almoloya de Juárez,50933
15005,Almoloya de Juárez,50934
15005,Almoloya de Juárez,50935
15005,Almoloya de Juárez,50940
15005,Almoloya de Juárez,50943
15005,Almoloya de Juárez,50944
15005,Almoloya de Juárez,50945
15005,Almoloya de Juárez,50946
15005,Almoloya de Juárez,50947
15006,Almoloya del Río,52540
15006,Almoloya del Río,52542
15006,Almoloya del Río,52544
15007,Amanalco,51260
15007,Amanalco,51265
15007,Amanalco,51266
15007,Amanalco,51267
15007,Amanalco,51268
15007,Amanalco,51270
15007,Amanalco,51273
15007,Amanalco,51274
15007,Amanalco,51280
15007,Amanalco,51285
15007,Amanalco,51287
15008,Amatepec,51500
15008,Amatepec,51510
15008,Amatepec,51513
15008,Amatepec,51514
15008,Amatepec,51515
15008,Amatepec,51516
15008,Amatepec,51517
15008,Amatepec,51520
15008,Amatepec,51523
15008,Amatepec,51524
15008,Amatepec,51525
15008,Amatepec,51526
15008,Amatepec,51527
15008,Amatepec,51530
15008,Amatepec,51533
15008,Amatepec,51534
15008,Amatepec,51535
15008,Amatepec,51536
15008,Amatepec,51537
15008,Amatepec,51540
15008,Amatepec,51543
15008,Amatepec,51544
15009,Amecameca,56900
15009,Amecameca,56903
15009,Amecameca,56904
15009,Amecameca,56905
15009,Amecameca,56913
15009,Amecameca,56914
15009,Amecameca,56920
15009,Amecameca,56923
15009,Amecameca,56924
15009,Amecameca,56930
15009,Amecameca,56933
15009,Amecameca,56935
15009,Amecameca,56940
15009,Amecameca,56945
15009,Amecameca,56950
15009,Amecameca,56953
15009,Amecameca,56954
15009,Amecameca,56955
15009,Amecameca,56956
15009,Amecameca,56960
15009,Amecameca,56963
15009,Amecameca,56965
15010,Apaxco,55660
15010,Apaxco,55663
15010,Apaxco,55664
15010,Apaxco,55665
15010,Apaxco,55666
15010,Apaxco,55667
15011,Atenco,56300
15011,Atenco,56303
15011,Atenco,56304
15011,Atenco,56305
15011,Atenco,56306
15011,Atenco,56310
15011,Atenco,56313
15011,Atenco,56314
15011,Atenco,56315
15012,Atizapán,52500
15012,Atizapán,52503
15012,Atizapán,52504
15012,Atizapán,52505
15012,Atizapán,52506
15013,Atizapán de Zaragoza,52900
15013,Atizapán de Zaragoza,52909
15013,Atizapán de Zaragoza,52910
15013,Atizapán de Zaragoza,52915
15013,Atizapán de Zaragoza,52916
15013,Atizapán de Zaragoza,52918
15013,Atizapán de Zaragoza,52919
15013,Atizapán de Zaragoza,52920
15013,Atizapán de Zaragoza,52923
15013,Atizapán de Zaragoza,52924
15013,Atizapán de Zaragoza,52925
15013,Atizapán de Zaragoza,52926
15013,Atizapán de Zaragoza,52927
15013,Atizapán de Zaragoza,52928
15013,Atizapán de Zaragoza,52929
15013,Atizapán de Zaragoza,52930
15013,Atizapán de Zaragoza,52934
15013,Atizapán de Zaragoza,52936
15013,Atizapán de Zaragoza,52937
15013,Atizapán de Zaragoza,52938
15013,Atizapán de Zaragoza,52939
15013,Atizapán de Zaragoza,52940
15013,Atizapán de Zaragoza,52945
15013,Atizapán de Zaragoza,52946
15013,Atizapán de Zaragoza,52947
15013,Atizapán de Zaragoza,52948
15013,Atizapán de Zaragoza,52949
15013,Atizapán de Zaragoza,52950
15013,Atizapán de Zaragoza,52953
15013,Atizapán de Zaragoza,52956
15013,Atizapán de Zaragoza,52957
15013,Atizapán de Zaragoza,52958
15013,Atizapán de Zaragoza,52959
15013,Atizapán de Zaragoza,52960
15013,Atizapán de Zaragoza,52965
15013,Atizapán de Zaragoza,52966
15013,Atizapán de Zaragoza,52967
15013,Atizapán de Zaragoza,52968
15013,Atizapán de Zaragoza,52970
15013,Atizapán de Zaragoza,52975
15013,Atizapán de Zaragoza,52976
15013,Atizapán de Zaragoza,52977
15013,Atizapán de Zaragoza,52978
15013,Atizapán de Zaragoza,52979
15013,Atizapán de Zaragoza,52980
15013,Atizapán de Zaragoza,52985
15013,Atizapán de Zaragoza,52986
15013,Atizapán de Zaragoza,52987
15013,Atizapán de Zaragoza,52988
15013,Atizapán de Zaragoza,52989
15013,Atizapán de Zaragoza,52990
15013,Atizapán de Zaragoza,52994
15013,Atizapán de Zaragoza,52995
15013,Atizapán de Zaragoza,52996
15013,Atizapán de Zaragoza,52997
15013,Atizapán de Zaragoza,52998
15014,Atlacomulco,50450
15014,Atlacomulco,50453
15014,Atlacomulco,50454
15014,Atlacomulco,50455
15014,Atlacomulco,50456
15014,Atlacomulco,50457
15014,Atlacomulco,50458
15014,Atlacomulco,50460
15014,Atlacomulco,50463
15014,Atlacomulco,50464
15014,Atlacomulco,50465
15014,Atlacomulco,50466
15014,Atlacomulco,50470
15014,Atlacomulco,50473
15014,Atlacomulco,50474
15014,Atlacomulco,50475
15014,Atlacomulco,50476
15014,Atlacomulco,50477
15014,Atlacomulco,50480
15014,Atlacomulco,50483
15014,Atlacomulco,50484
15014,Atlacomulco,50485
15014,Atlacomulco,50486
15014,Atlacomulco,50487
15014,Atlacomulco,50490
15014,Atlacomulco,50493
15014,Atlacomulco,50494
15014,Atlacomulco,50495
15014,Atlacomulco,50496
15014,Atlacomulco,50497
15015,Atlautla,56970
15015,Atlautla,56973
15015,Atlautla,56974
15015,Atlautla,56975
15015,Atlautla,56976
15015,Atlautla,56977
15015,Atlautla,56978
15015,Atlautla,56979
15015,Atlautla,56980
15015,Atlautla,56982
15015,Atlautla,56983
15015,Atlautla,56984
15016,Axapusco,55940
15016,Axapusco,55943
15016,Axapusco,55950
15016,Axapusco,55951
15016,Axapusco,55952
15016,Axapusco,55954
15016,Axapusco,55955
15016,Axapusco,55956
15016,Axapusco,55960
15016,Axapusco,55963
15016,Axapusco,55965
15017,Ayapango,56760
15017,Ayapango,56763
15017,Ayapango,56765
15017,Ayapango,56766
15017,Ayapango,56767
15017,Ayapango,56770
15017,Ayapango,56776
15018,Calimaya,52200
15018,Calimaya,52203
15018,Calimaya,52204
15018,Calimaya,52205
15018,Calimaya,52210
15018,Calimaya,52213
15018,Calimaya,52214
15018,Calimaya,52215
15018,Calimaya,52220
15018,Calimaya,52223
15018,Calimaya,52224
15018,Calimaya,52225
15018,Calimaya,52226
15018,Calimaya,52227
15018,Calimaya,52228
15018,Calimaya,52230
15018,Calimaya,52233
15018,Calimaya,52234
15018,Calimaya,52235
15018,Calimaya,52236
15019,Capulhuac,52700
15019,Capulhuac,52710
15019,Capulhuac,52713
15019,Capulhuac,52714
15019,Capulhuac,52715
15019,Capulhuac,52720
15019,Capulhuac,52723
15019,Capulhuac,52730
15019,Capulhuac,52733
15025,Chalco,56600
15025,Chalco,56604
15025,Chalco,56605
15025,Chalco,56606
15025,Chalco,56607
15025,Chalco,56608
15025,Chalco,56609
15025,Chalco,56620
15025,Chalco,56623
15025,Chalco,56624
15025,Chalco,56625
15025,Chalco,56640
15025,Chalco,56641
15025,Chalco,56642
15025,Chalco,56643
15025,Chalco,56644
15025,Chalco,56646
15025,Chalco,56647
15026,Chapa de Mota,54350
15026,Chapa de Mota,54360
15026,Chapa de Mota,54363
15026,Chapa de Mota,54364
15026,Chapa de Mota,54365
15026,Chapa de Mota,54366
15026,Chapa de Mota,54367
15026,Chapa de Mota,54370
15026,Chapa de Mota,54373
15026,Chapa de Mota,54374
15026,Chapa de Mota,54375
15026,Chapa de Mota,54380
15026,Chapa de Mota,54383
15026,Chapa de Mota,54384
15026,Chapa de Mota,54385
15026,Chapa de Mota,54386
15026,Chapa de Mota,54387
15027,Chapultepec,52240
15027,Chapultepec,52242
15027,Chapultepec,52243
15027,Chapultepec,52250
15027,Chapultepec,52253
15027,Chapultepec,52254
15028,Chiautla,56030
15028,Chiautla,56034
15028,Chiautla,56035
15028,Chiautla,56036
15028,Chiautla,56037
15028,Chiautla,56038
15028,Chiautla,56040
15029,Chicoloapan,56370
15029,Chicoloapan,56373
15029,Chicoloapan,56375
15029,Chicoloapan,56376
15029,Chicoloapan,56377
15029,Chicoloapan,56380
15029,Chicoloapan,56383
15029,Chicoloapan,56384
15029,Chicoloapan,56386
15029,Chicoloapan,56387
15029,Chicoloapan,56390
15029,Chicoloapan,56396
15030,Chiconcuac,56270
15030,Chiconcuac,56272
15030,Chiconcuac,56273
15030,Chiconcuac,56274
15030,Chiconcuac,56280
15031,Chimalhuacán,56330
15031,Chimalhuacán,56333
15031,Chimalhuacán,56334
15031,Chimalhuacán,56335
15031,Chimalhuacán,56337
15031,Chimalhuacán,56338
15031,Chimalhuacán,56340
15031,Chimalhuacán,56343
15031,Chimalhuacán,56344
15031,Chimalhuacán,56346
15031,Chimalhuacán,56350
15031,Chimalhuacán,56353
15031,Chimalhuacán,56356
15031,Chimalhuacán,56360
15031,Chimalhuacán,56363
15031,Chimalhuacán,56366
15020,Coacalco de Berriozábal,55700
15020,Coacalco de Berriozábal,55705
15020,Coacalco de Berriozábal,55707
15020,Coacalco de Berriozábal,55708
15020,Coacalco de Berriozábal,55709
15020,Coacalco de Berriozábal,55710
15020,Coacalco de Berriozábal,55712
15020,Coacalco de Berriozábal,55713
15020,Coacalco de Berriozábal,55714
15020,Coacalco de Berriozábal,55715
15020,Coacalco de Berriozábal,55716
15020,Coacalco de Berriozábal,55717
15020,Coacalco de Berriozábal,55718
15020,Coacalco de Berriozábal,55719
15020,Coacalco de Berriozábal,55720
15020,Coacalco de Berriozábal,55726
15020,Coacalco de Berriozábal,55728
15020,Coacalco de Berriozábal,55729
15020,Coacalco de Berriozábal,55730
15020,Coacalco de Berriozábal,55736
15020,Coacalco de Berriozábal,55737
15020,Coacalco de Berriozábal,55738
15020,Coacalco de Berriozábal,55739
15021,Coatepec Harinas,51700
15021,Coatepec Harinas,51710
15021,Coatepec Harinas,51713
15021,Coatepec Harinas,51714
15021,Coatepec Harinas,51715
15021,Coatepec Harinas,51716
15021,Coatepec Harinas,51717
15021,Coatepec Harinas,51720
15021,Coatepec Harinas,51723
15021,Coatepec Harinas,51724
15021,Coatepec Harinas,51725
15021,Coatepec Harinas,51726
15021,Coatepec Harinas,51727
15021,Coatepec Harinas,51730
15021,Coatepec Harinas,51733
15021,Coatepec Harinas,51734
15021,Coatepec Harinas,51740
15021,Coatepec Harinas,51750
15021,Coatepec Harinas,51753
15021,Coatepec Harinas,51754
15021,Coatepec Harinas,51755
15022,Cocotitlán,56680
15022,Cocotitlán,56683
15023,Coyotepec,54660
15023,Coyotepec,54665
15023,Coyotepec,54666
15023,Coyotepec,54667
15023,Coyotepec,54668
15024,Cuautitlán,54800
15024,Cuautitlán,54803
15024,Cuautitlán,54804
15024,Cuautitlán,54805
15024,Cuautitlán,54807
15024,Cuautitlán,54830
15024,Cuautitlán,54831
15024,Cuautitlán,54834
15024,Cuautitlán,54840
15024,Cuautitlán,54850
15024,Cuautitlán,54855
15024,Cuautitlán,54857
15024,Cuautitlán,54858
15024,Cuautitlán,54860
15024,Cuautitlán,54870
15024,Cuautitlán,54875
15024,Cuautitlán,54877
15024,Cuautitlán,54878
15024,Cuautitlán,54879
15121,Cuautitlán Izcalli,54700
15121,Cuautitlán Izcalli,54710
15121,Cuautitlán Izcalli,54712
15121,Cuautitlán Izcalli,54713
15121,Cuautitlán Izcalli,54714
15121,Cuautitlán Izcalli,54715
15121,Cuautitlán Izcalli,54716
15121,Cuautitlán Izcalli,54719
15121,Cuautitlán Izcalli,54720
15121,Cuautitlán Izcalli,54725
15121,Cuautitlán Izcalli,54729
15121,Cuautitlán Izcalli,54730
15121,Cuautitlán Izcalli,54740
15121,Cuautitlán Izcalli,54743
15121,Cuautitlán Izcalli,54744
15121,Cuautitlán Izcalli,54745
15121,Cuautitlán Izcalli,54750
15121,Cuautitlán Izcalli,54753
15121,Cuautitlán Izcalli,54759
15121,Cuautitlán Izcalli,54760
15121,Cuautitlán Izcalli,54763
15121,Cuautitlán Izcalli,54764
15121,Cuautitlán Izcalli,54765
15121,Cuautitlán Izcalli,54766
15121,Cuautitlán Izcalli,54767
15121,Cuautitlán Izcalli,54769
15032,Donato Guerra,51030
15032,Donato Guerra,51036
15032,Donato Guerra,51038
15032,Donato Guerra,51039
15032,Donato Guerra,51050
15032,Donato Guerra,51056
15032,Donato Guerra,51057
15032,Donato Guerra,51058
15032,Donato Guerra,51059
15033,Ecatepec de Morelos,55000
15033,Ecatepec de Morelos,55010
15033,Ecatepec de Morelos,55014
15033,Ecatepec de Morelos,55016
15033,Ecatepec de Morelos,55017
15033,Ecatepec de Morelos,55018
15033,Ecatepec de Morelos,55020
15033,Ecatepec de Morelos,55023
15033,Ecatepec de Morelos,55024
15033,Ecatepec de Morelos,55025
15033,Ecatepec de Morelos,55027
15033,Ecatepec de Morelos,55028
15033,Ecatepec de Morelos,55029
15033,Ecatepec de Morelos,55030
15033,Ecatepec de Morelos,55036
15033,Ecatepec de Morelos,55037
15033,Ecatepec de Morelos,55038
15033,Ecatepec de Morelos,55039
15033,Ecatepec de Morelos,55040
15033,Ecatepec de Morelos,55044
15033,Ecatepec de Morelos,55050
15033,Ecatepec de Morelos,55055
15033,Ecatepec de Morelos,55056
15033,Ecatepec de Morelos,55057
15033,Ecatepec de Morelos,55059
15033,Ecatepec de Morelos,55060
15033,Ecatepec de Morelos,55063
15033,Ecatepec de Morelos,55064
15033,Ecatepec de Morelos,55065
15033,Ecatepec de Morelos,55066
15033,Ecatepec de Morelos,55067
15033,Ecatepec de Morelos,55068
15033,Ecatepec de Morelos,55069
15033,Ecatepec de Morelos,55070
15033,Ecatepec de Morelos,55074
15033,Ecatepec de Morelos,55075
15033,Ecatepec de Morelos,55076
15033,Ecatepec de Morelos,55080
15033,Ecatepec de Morelos,55084
15033,Ecatepec de Morelos,55085
15033,Ecatepec de Morelos,55087
15033,Ecatepec de Morelos,55090
15033,Ecatepec de Morelos,55094
15033,Ecatepec de Morelos,55095
15033,Ecatepec de Morelos,55100
15033,Ecatepec de Morelos,55104
15033,Ecatepec de Morelos,55105
15033,Ecatepec de Morelos,55107
15033,Ecatepec de Morelos,55114
15033,Ecatepec de Morelos,55115
15033,Ecatepec de Morelos,55117
15033,Ecatepec de Morelos,55118
15033,Ecatepec de Morelos,55119
15033,Ecatepec de Morelos,55120
15033,Ecatepec de Morelos,55125
15033,Ecatepec de Morelos,55126
15033,Ecatepec de Morelos,55127
15033,Ecatepec de Morelos,55128
15033,Ecatepec de Morelos,55129
15033,Ecatepec de Morelos,55130
15033,Ecatepec de Morelos,55135
15033,Ecatepec de Morelos,55137
15033,Ecatepec de Morelos,55138
15033,Ecatepec de Morelos,55139
15033,Ecatepec de Morelos,55140
15033,Ecatepec de Morelos,55146
15033,Ecatepec de Morelos,55147
15033,Ecatepec de Morelos,55148
15033,Ecatepec de Morelos,55149
15033,Ecatepec de Morelos,55158
15033,Ecatepec de Morelos,55170
15033,Ecatepec de Morelos,55176
15033,Ecatepec de Morelos,55179
15033,Ecatepec de Morelos,55180
15033,Ecatepec de Morelos,55187
15033,Ecatepec de Morelos,55188
15033,Ecatepec de Morelos,55189
15033,Ecatepec de Morelos,55190
15033,Ecatepec de Morelos,55200
15033,Ecatepec de Morelos,55210
15033,Ecatepec de Morelos,55218
15033,Ecatepec de Morelos,55220
15033,Ecatepec de Morelos,55230
15033,Ecatepec de Morelos,55234
15033,Ecatepec de Morelos,55235
15033,Ecatepec de Morelos,55236
15033,Ecatepec de Morelos,55237
15033,Ecatepec de Morelos,55238
15033,Ecatepec de Morelos,55240
15033,Ecatepec de Morelos,55242
15033,Ecatepec de Morelos,55243
15033,Ecatepec de Morelos,55244
15033,Ecatepec de Morelos,55245
15033,Ecatepec de Morelos,55246
15033,Ecatepec de Morelos,55247
15033,Ecatepec de Morelos,55248
15033,Ecatepec de Morelos,55249
15033,Ecatepec de Morelos,55260
15033,Ecatepec de Morelos,55264
15033,Ecatepec de Morelos,55266
15033,Ecatepec de Morelos,55267
15033,Ecatepec de Morelos,55268
15033,Ecatepec de Morelos,55269
15033,Ecatepec de Morelos,55270
15033,Ecatepec de Morelos,55280
15033,Ecatepec de Morelos,55284
15033,Ecatepec de Morelos,55287
15033,Ecatepec de Morelos,55288
15033,Ecatepec de Morelos,55289
15033,Ecatepec de Morelos,55290
15033,Ecatepec de Morelos,55294
15033,Ecatepec de Morelos,55295
15033,Ecatepec de Morelos,55296
15033,Ecatepec de Morelos,55297
15033,Ecatepec de Morelos,55298
15033,Ecatepec de Morelos,55299
15033,Ecatepec de Morelos,55300
15033,Ecatepec de Morelos,55308
15033,Ecatepec de Morelos,55310
15033,Ecatepec de Morelos,55316
15033,Ecatepec de Morelos,55317
15033,Ecatepec de Morelos,55320
15033,Ecatepec de Morelos,55330
15033,Ecatepec de Morelos,55338
15033,Ecatepec de Morelos,55339
15033,Ecatepec de Morelos,55340
15033,Ecatepec de Morelos,55347
15033,Ecatepec de Morelos,55348
15033,Ecatepec de Morelos,55349
15033,Ecatepec de Morelos,55360
15033,Ecatepec de Morelos,55369
15033,Ecatepec de Morelos,55390
15033,Ecatepec de Morelos,55400
15033,Ecatepec de Morelos,55404
15033,Ecatepec de Morelos,55405
15033,Ecatepec de Morelos,55407
15033,Ecatepec de Morelos,55410
15033,Ecatepec de Morelos,55414
15033,Ecatepec de Morelos,55415
15033,Ecatepec de Morelos,55416
15033,Ecatepec de Morelos,55417
15033,Ecatepec de Morelos,55418
15033,Ecatepec de Morelos,55419
15033,Ecatepec de Morelos,55420
15033,Ecatepec de Morelos,55425
15033,Ecatepec de Morelos,55429
15033,Ecatepec de Morelos,55430
15033,Ecatepec de Morelos,55450
15033,Ecatepec de Morelos,55458
15033,Ecatepec de Morelos,55459
15033,Ecatepec de Morelos,55490
15033,Ecatepec de Morelos,55498
15033,Ecatepec de Morelos,55500
15033,Ecatepec de Morelos,55506
15033,Ecatepec de Morelos,55507
15033,Ecatepec de Morelos,55508
15033,Ecatepec de Morelos,55509
15033,Ecatepec de Morelos,55510
15033,Ecatepec de Morelos,55515
15033,Ecatepec de Morelos,55516
15033,Ecatepec de Morelos,55517
15033,Ecatepec de Morelos,55518
15033,Ecatepec de Morelos,55519
15033,Ecatepec de Morelos,55520
15033,Ecatepec de Morelos,55530
15033,Ecatepec de Morelos,55540
15033,Ecatepec de Morelos,55547
15033,Ecatepec de Morelos,55548
15033,Ecatepec de Morelos,55549
15034,Ecatzingo,56990
15034,Ecatzingo,56993
15034,Ecatzingo,56994
15034,Ecatzingo,56996
15034,Ecatzingo,56999
15064,El Oro,50600
15064,El Oro,50601
15064,El Oro,50610
15064,El Oro,50614
15064,El Oro,50615
15064,El Oro,50616
15064,El Oro,50625
15064,El Oro,50626
15064,El Oro,50627
15064,El Oro,50630
15064,El Oro,50633
15064,El Oro,50634
15064,El Oro,50635
15064,El Oro,50636
15064,El Oro,50637
15035,Huehuetoca,54680
15035,Huehuetoca,54683
15035,Huehuetoca,54684
15035,Huehuetoca,54685
15035,Huehuetoca,54687
15035,Huehuetoca,54690
15035,Huehuetoca,54693
15035,Huehuetoca,54694
15035,Huehuetoca,54695
15035,Huehuetoca,54696
15035,Huehuetoca,54697
15036,Hueypoxtla,55670
15036,Hueypoxtla,55673
15036,Hueypoxtla,55676
15036,Hueypoxtla,55679
15036,Hueypoxtla,55680
15036,Hueypoxtla,55683
15036,Hueypoxtla,55684
15036,Hueypoxtla,55685
15036,Hueypoxtla,55689
15036,Hueypoxtla,55690
15036,Hueypoxtla,55694
15036,Hueypoxtla,55697
15037,Huixquilucan,52760
15037,Huixquilucan,52763
15037,Huixquilucan,52764
15037,Huixquilucan,52765
15037,Huixquilucan,52766
15037,Huixquilucan,52767
15037,Huixquilucan,52768
15037,Huixquilucan,52769
15037,Huixquilucan,52770
15037,Huixquilucan,52773
15037,Huixquilucan,52774
15037,Huixquilucan,52775
15037,Huixquilucan,52776
15037,Huixquilucan,52777
15037,Huixquilucan,52778
15037,Huixquilucan,52779
15037,Huixquilucan,52780
15037,Huixquilucan,52783
15037,Huixquilucan,52784
15037,Huixquilucan,52785
15037,Huixquilucan,52786
15037,Huixquilucan,52787
15037,Huixquilucan,52788
15037,Huixquilucan,52789
15037,Huixquilucan,52790
15037,Huixquilucan,52793
15037,Huixquilucan,52794
15037,Huixquilucan,52795
15037,Huixquilucan,52796
15037,Huixquilucan,52797
15037,Huixquilucan,52798
15037,Huixquilucan,52799
15038,Isidro Fabela,54480
15038,Isidro Fabela,54483
15038,Isidro Fabela,54484
15038,Isidro Fabela,54485
15039,Ixtapaluca,56530
15039,Ixtapaluca,56535
15039,Ixtapaluca,56536
15039,Ixtapaluca,56537
15039,Ixtapaluca,56538
15039,Ixtapaluca,56539
15039,Ixtapaluca,56540
15039,Ixtapaluca,56550
15039,Ixtapaluca,56553
15039,Ixtapaluca,56555
15039,Ixtapaluca,56556
15039,Ixtapaluca,56558
15039,Ixtapaluca,56560
15039,Ixtapaluca,56563
15039,Ixtapaluca,56564
15039,Ixtapaluca,56565
15039,Ixtapaluca,56566
15039,Ixtapaluca,56567
15039,Ixtapaluca,56568
15039,Ixtapaluca,56569
15039,Ixtapaluca,56570
15039,Ixtapaluca,56576
15039,Ixtapaluca,56577
15039,Ixtapaluca,56579
15039,Ixtapaluca,56580
15039,Ixtapaluca,56584
15039,Ixtapaluca,56585
15039,Ixtapaluca,56586
15039,Ixtapaluca,56587
15039,Ixtapaluca,56588
15039,Ixtapaluca,56589
15039,Ixtapaluca,56590
15039,Ixtapaluca,56599
15040,Ixtapan de la Sal,51900
15040,Ixtapan de la Sal,51904
15040,Ixtapan de la Sal,51905
15040,Ixtapan de la Sal,51906
15040,Ixtapan de la Sal,51907
15040,Ixtapan de la Sal,51910
15040,Ixtapan de la Sal,51915
15040,Ixtapan de la Sal,51916
15040,Ixtapan de la Sal,51917
15040,Ixtapan de la Sal,51920
15040,Ixtapan de la Sal,51923
15040,Ixtapan de la Sal,51924
15040,Ixtapan de la Sal,51930
15040,Ixtapan de la Sal,51933
15040,Ixtapan de la Sal,51936
15040,Ixtapan de la Sal,51937
15041,Ixtapan del Oro,51070
15041,Ixtapan del Oro,51074
15041,Ixtapan del Oro,51080
15041,Ixtapan del Oro,51083
15041,Ixtapan del Oro,51089
15041,Ixtapan del Oro,51090
15041,Ixtapan del Oro,51098
15041,Ixtapan del Oro,51099
15042,Ixtlahuaca,50740
15042,Ixtlahuaca,50743
15042,Ixtlahuaca,50744
15042,Ixtlahuaca,50750
15042,Ixtlahuaca,50753
15042,Ixtlahuaca,50754
15042,Ixtlahuaca,50755
15042,Ixtlahuaca,50760
15042,Ixtlahuaca,50764
15042,Ixtlahuaca,50770
15042,Ixtlahuaca,50773
15042,Ixtlahuaca,50774
15042,Ixtlahuaca,50775
15042,Ixtlahuaca,50780
15042,Ixtlahuaca,50783
15042,Ixtlahuaca,50785
15044,Jaltenco,55780
15044,Jaltenco,55783
15044,Jaltenco,55784
15045,Jilotepec,54240
15045,Jilotepec,54246
15045,Jilotepec,54250
15045,Jilotepec,54253
15045,Jilotepec,54254
15045,Jilotepec,54255
15045,Jilotepec,54256
15045,Jilotepec,54257
15045,Jilotepec,54260
15045,Jilotepec,54263
15045,Jilotepec,54264
15045,Jilotepec,54265
15045,Jilotepec,54270
15045,Jilotepec,54273
15045,Jilotepec,54274
15045,Jilotepec,54275
15045,Jilotepec,54276
15046,Jilotzingo,54570
15046,Jilotzingo,54571
15046,Jilotzingo,54573
15046,Jilotzingo,54574
15046,Jilotzingo,54575
15047,Jiquipilco,50800
15047,Jiquipilco,50810
15047,Jiquipilco,50813
15047,Jiquipilco,50814
15047,Jiquipilco,50815
15047,Jiquipilco,50816
15047,Jiquipilco,50820
15047,Jiquipilco,50823
15047,Jiquipilco,50824
15047,Jiquipilco,50825
15047,Jiquipilco,50826
15047,Jiquipilco,50830
15047,Jiquipilco,50833
15047,Jiquipilco,50834
15047,Jiquipilco,50835
15047,Jiquipilco,50836
15047,Jiquipilco,50840
15047,Jiquipilco,50843
15047,Jiquipilco,50844
15047,Jiquipilco,50845
15047,Jiquipilco,50846
15047,Jiquipilco,50847
15047,Jiquipilco,50848
15048,Jocotitlán,50700
15048,Jocotitlán,50710
15048,Jocotitlán,50713
15048,Jocotitlán,50714
15048,Jocotitlán,50715
15048,Jocotitlán,50716
15048,Jocotitlán,50717
15048,Jocotitlán,50720
15048,Jocotitlán,50724
15048,Jocotitlán,50725
15048,Jocotitlán,50726
15048,Jocotitlán,50727
15048,Jocotitlán,50733
15048,Jocotitlán,50734
15048,Jocotitlán,50735
15048,Jocotitlán,50736
15048,Jocotitlán,50737
15049,Joquicingo,52370
15049,Joquicingo,52374
15049,Joquicingo,52375
15049,Joquicingo,52376
15049,Joquicingo,52380
15049,Joquicingo,52384
15049,Joquicingo,52387
15049,Joquicingo,52390
15050,Juchitepec,56860
15050,Juchitepec,56864
15050,Juchitepec,56865
15050,Juchitepec,56866
15050,Juchitepec,56867
15070,La Paz,56400
15070,La Paz,56410
15070,La Paz,56420
15070,La Paz,56428
15070,La Paz,56429
15070,La Paz,56430
15070,La Paz,56440
15070,La Paz,56490
15070,La Paz,56495
15070,La Paz,56500
15070,La Paz,56505
15070,La Paz,56507
15070,La Paz,56508
15070,La Paz,56509
15070,La Paz,56510
15070,La Paz,56512
15070,La Paz,56513
15070,La Paz,56514
15070,La Paz,56515
15070,La Paz,56516
15070,La Paz,56520
15070,La Paz,56524
15070,La Paz,56525
15070,La Paz,56526
15070,La Paz,56527
15070,La Paz,56528
15070,La Paz,56529
15051,Lerma,52000
15051,Lerma,52004
15051,Lerma,52005
15051,Lerma,52006
15051,Lerma,52010
15051,Lerma,52020
15051,Lerma,52030
15051,Lerma,52040
15051,Lerma,52043
15051,Lerma,52044
15051,Lerma,52045
15051,Lerma,52046
15051,Lerma,52047
15051,Lerma,52050
15051,Lerma,52054
15051,Lerma,52055
15051,Lerma,52059
15123,Luvianos,51440
15123,Luvianos,51442
15123,Luvianos,51443
15123,Luvianos,51445
15123,Luvianos,51446
15123,Luvianos,51453
15123,Luvianos,51454
15123,Luvianos,51455
15123,Luvianos,51456
15123,Luvianos,51457
15123,Luvianos,51458
15123,Luvianos,51459
15123,Luvianos,51462
15123,Luvianos,51463
15123,Luvianos,51464
15123,Luvianos,51465
15123,Luvianos,51466
15123,Luvianos,51467
15123,Luvianos,51468
15052,Malinalco,52440
15052,Malinalco,52443
15052,Malinalco,52444
15052,Malinalco,52460
15052,Malinalco,52463
15052,Malinalco,52464
15052,Malinalco,52465
15052,Malinalco,52466
15052,Malinalco,52467
15052,Malinalco,52470
15052,Malinalco,52473
15052,Malinalco,52475
15052,Malinalco,52476
15052,Malinalco,52477
15053,Melchor Ocampo,54880
15053,Melchor Ocampo,54882
15053,Melchor Ocampo,54883
15053,Melchor Ocampo,54884
15053,Melchor Ocampo,54890
15053,Melchor Ocampo,54893
15053,Melchor Ocampo,54894
15053,Melchor Ocampo,54895
15054,Metepec,52140
15054,Metepec,52143
15054,Metepec,52144
15054,Metepec,52145
15054,Metepec,52146
15054,Metepec,52147
15054,Metepec,52148
15054,Metepec,52149
15054,Metepec,52150
15054,Metepec,52154
15054,Metepec,52155
15054,Metepec,52156
15054,Metepec,52157
15054,Metepec,52158
15054,Metepec,52159
15054,Metepec,52160
15054,Metepec,52161
15054,Metepec,52163
15054,Metepec,52164
15054,Metepec,52165
15054,Metepec,52166
15054,Metepec,52167
15054,Metepec,52168
15054,Metepec,52169
15054,Metepec,52170
15054,Metepec,52172
15054,Metepec,52175
15054,Metepec,52176
15054,Metepec,52177
15054,Metepec,52178
15054,Metepec,52179
15055,Mexicaltzingo,52180
15055,Mexicaltzingo,52182
15055,Mexicaltzingo,52183
15055,Mexicaltzingo,52184
15055,Mexicaltzingo,52185
15055,Mexicaltzingo,52186
15055,Mexicaltzingo,52187
15055,Mexicaltzingo,52189
15056,Morelos,50550
15056,Morelos,50554
15056,Morelos,50559
15056,Morelos,50560
15056,Morelos,50563
15056,Morelos,50564
15056,Morelos,50565
15056,Morelos,50566
15056,Morelos,50567
15056,Morelos,50570
15056,Morelos,50573
15056,Morelos,50574
15056,Morelos,50580
15056,Morelos,50583
15056,Morelos,50584
15056,Morelos,50585
15056,Morelos,50586
15056,Morelos,50587
15056,Morelos,50590
15056,Morelos,50596
15056,Morelos,50597
15057,Naucalpan de Juárez,53000
15057,Naucalpan de Juárez,53010
15057,Naucalpan de Juárez,53030
15057,Naucalpan de Juárez,53040
15057,Naucalpan de Juárez,53050
15057,Naucalpan de Juárez,53060
15057,Naucalpan de Juárez,53070
15057,Naucalpan de Juárez,53100
15057,Naucalpan de Juárez,53110
15057,Naucalpan de Juárez,53115
15057,Naucalpan de Juárez,53116
15057,Naucalpan de Juárez,53117
15057,Naucalpan de Juárez,53119
15057,Naucalpan de Juárez,53120
15057,Naucalpan de Juárez,53124
15057,Naucalpan de Juárez,53125
15057,Naucalpan de Juárez,53126
15057,Naucalpan de Juárez,53127
15057,Naucalpan de Juárez,53128
15057,Naucalpan de Juárez,53129
15057,Naucalpan de Juárez,53130
15057,Naucalpan de Juárez,53138
15057,Naucalpan de Juárez,53140
15057,Naucalpan de Juárez,53150
15057,Naucalpan de Juárez,53160
15057,Naucalpan de Juárez,53170
15057,Naucalpan de Juárez,53177
15057,Naucalpan de Juárez,53178
15057,Naucalpan de Juárez,53179
15057,Naucalpan de Juárez,53200
15057,Naucalpan de Juárez,53215
15057,Naucalpan de Juárez,53216
15057,Naucalpan de Juárez,53217
15057,Naucalpan de Juárez,53218
15057,Naucalpan de Juárez,53219
15057,Naucalpan de Juárez,53220
15057,Naucalpan de Juárez,53224
15057,Naucalpan de Juárez,53227
15057,Naucalpan de Juárez,53228
15057,Naucalpan de Juárez,53229
15057,Naucalpan de Juárez,53230
15057,Naucalpan de Juárez,53237
15057,Naucalpan de Juárez,53239
15057,Naucalpan de Juárez,53240
15057,Naucalpan de Juárez,53247
15057,Naucalpan de Juárez,53248
15057,Naucalpan de Juárez,53250
15057,Naucalpan de Juárez,53260
15057,Naucalpan de Juárez,53270
15057,Naucalpan de Juárez,53278
15057,Naucalpan de Juárez,53279
15057,Naucalpan de Juárez,53280
15057,Naucalpan de Juárez,53283
15057,Naucalpan de Juárez,53290
15057,Naucalpan de Juárez,53296
15057,Naucalpan de Juárez,53297
15057,Naucalpan de Juárez,53298
15057,Naucalpan de Juárez,53300
15057,Naucalpan de Juárez,53309
15057,Naucalpan de Juárez,53310
15057,Naucalpan de Juárez,53320
15057,Naucalpan de Juárez,53329
15057,Naucalpan de Juárez,53330
15057,Naucalpan de Juárez,53338
15057,Naucalpan de Juárez,53339
15057,Naucalpan de Juárez,53340
15057,Naucalpan de Juárez,53348
15057,Naucalpan de Juárez,53350
15057,Naucalpan de Juárez,53370
15057,Naucalpan de Juárez,53378
15057,Naucalpan de Juárez,53390
15057,Naucalpan de Juárez,53398
15057,Naucalpan de Juárez,53400
15057,Naucalpan de Juárez,53410
15057,Naucalpan de Juárez,53420
15057,Naucalpan de Juárez,53425
15057,Naucalpan de Juárez,53426
15057,Naucalpan de Juárez,53427
15057,Naucalpan de Juárez,53428
15057,Naucalpan de Juárez,53430
15057,Naucalpan de Juárez,53440
15057,Naucalpan de Juárez,53450
15057,Naucalpan de Juárez,53458
15057,Naucalpan de Juárez,53459
15057,Naucalpan de Juárez,53460
15057,Naucalpan de Juárez,53470
15057,Naucalpan de Juárez,53489
15057,Naucalpan de Juárez,53490
15057,Naucalpan de Juárez,53500
15057,Naucalpan de Juárez,53519
15057,Naucalpan de Juárez,53520
15057,Naucalpan de Juárez,53529
15057,Naucalpan de Juárez,53530
15057,Naucalpan de Juárez,53533
15057,Naucalpan de Juárez,53550
15057,Naucalpan de Juárez,53560
15057,Naucalpan de Juárez,53569
15057,Naucalpan de Juárez,53570
15057,Naucalpan de Juárez,53580
15057,Naucalpan de Juárez,53598
15057,Naucalpan de Juárez,53640
15057,Naucalpan de Juárez,53650
15057,Naucalpan de Juárez,53653
15057,Naucalpan de Juárez,53654
15057,Naucalpan de Juárez,53655
15057,Naucalpan de Juárez,53658
15057,Naucalpan de Juárez,53659
15057,Naucalpan de Juárez,53660
15057,Naucalpan de Juárez,53664
15057,Naucalpan de Juárez,53670
15057,Naucalpan de Juárez,53680
15057,Naucalpan de Juárez,53687
15057,Naucalpan de Juárez,53688
15057,Naucalpan de Juárez,53689
15057,Naucalpan de Juárez,53690
15057,Naucalpan de Juárez,53694
15057,Naucalpan de Juárez,53695
15057,Naucalpan de Juárez,53696
15057,Naucalpan de Juárez,53697
15057,Naucalpan de Juárez,53698
15057,Naucalpan de Juárez,53700
15057,Naucalpan de Juárez,53708
15057,Naucalpan de Juárez,53710
15057,Naucalpan de Juárez,53713
15057,Naucalpan de Juárez,53714
15057,Naucalpan de Juárez,53716
15057,Naucalpan de Juárez,53717
15057,Naucalpan de Juárez,53718
15057,Naucalpan de Juárez,53719
15057,Naucalpan de Juárez,53730
15057,Naucalpan de Juárez,53760
15057,Naucalpan de Juárez,53770
15057,Naucalpan de Juárez,53780
15057,Naucalpan de Juárez,53787
15057,Naucalpan de Juárez,53788
15057,Naucalpan de Juárez,53790
15057,Naucalpan de Juárez,53798
15057,Naucalpan de Juárez,53799
15057,Naucalpan de Juárez,53800
15057,Naucalpan de Juárez,53809
15057,Naucalpan de Juárez,53810
15057,Naucalpan de Juárez,53819
15057,Naucalpan de Juárez,53820
15057,Naucalpan de Juárez,53830
15057,Naucalpan de Juárez,53839
15057,Naucalpan de Juárez,53840
15057,Naucalpan de Juárez,53900
15057,Naucalpan de Juárez,53909
15057,Naucalpan de Juárez,53910
15057,Naucalpan de Juárez,53930
15057,Naucalpan de Juárez,53940
15057,Naucalpan de Juárez,53950
15057,Naucalpan de Juárez,53960
15057,Naucalpan de Juárez,53970
15059,Nextlalpan,55790
15059,Nextlalpan,55793
15059,Nextlalpan,55794
15059,Nextlalpan,55795
15059,Nextlalpan,55796
15059,Nextlalpan,55797
15059,Nextlalpan,55799
15058,Nezahualcóyotl,57000
15058,Nezahualcóyotl,57100
15058,Nezahualcóyotl,57103
15058,Nezahualcóyotl,57120
15058,Nezahualcóyotl,57129
15058,Nezahualcóyotl,57130
15058,Nezahualcóyotl,57138
15058,Nezahualcóyotl,57139
15058,Nezahualcóyotl,57140
15058,Nezahualcóyotl,57150
15058,Nezahualcóyotl,57158
15058,Nezahualcóyotl,57170
15058,Nezahualcóyotl,57171
15058,Nezahualcóyotl,57178
15058,Nezahualcóyotl,57179
15058,Nezahualcóyotl,57180
15058,Nezahualcóyotl,57185
15058,Nezahualcóyotl,57188
15058,Nezahualcóyotl,57189
15058,Nezahualcóyotl,57200
15058,Nezahualcóyotl,57205
15058,Nezahualcóyotl,57210
15058,Nezahualcóyotl,57300
15058,Nezahualcóyotl,57310
15058,Nezahualcóyotl,57400
15058,Nezahualcóyotl,57410
15058,Nezahualcóyotl,57420
15058,Nezahualcóyotl,57425
15058,Nezahualcóyotl,57430
15058,Nezahualcóyotl,57440
15058,Nezahualcóyotl,57450
15058,Nezahualcóyotl,57460
15058,Nezahualcóyotl,57465
15058,Nezahualcóyotl,57500
15058,Nezahualcóyotl,57510
15058,Nezahualcóyotl,57520
15058,Nezahualcóyotl,57530
15058,Nezahualcóyotl,57600
15058,Nezahualcóyotl,57610
15058,Nezahualcóyotl,57620
15058,Nezahualcóyotl,57630
15058,Nezahualcóyotl,57700
15058,Nezahualcóyotl,57708
15058,Nezahualcóyotl,57709
15058,Nezahualcóyotl,57710
15058,Nezahualcóyotl,57718
15058,Nezahualcóyotl,57719
15058,Nezahualcóyotl,57720
15058,Nezahualcóyotl,57730
15058,Nezahualcóyotl,57739
15058,Nezahualcóyotl,57740
15058,Nezahualcóyotl,57750
15058,Nezahualcóyotl,57760
15058,Nezahualcóyotl,57800
15058,Nezahualcóyotl,57809
15058,Nezahualcóyotl,57810
15058,Nezahualcóyotl,57819
15058,Nezahualcóyotl,57820
15058,Nezahualcóyotl,57830
15058,Nezahualcóyotl,57840
15058,Nezahualcóyotl,57849
15058,Nezahualcóyotl,57900
15058,Nezahualcóyotl,57910
15058,Nezahualcóyotl,57920
15058,Nezahualcóyotl,57930
15058,Nezahualcóyotl,57940
15058,Nezahualcóyotl,57950
15060,Nicolás Romero,54400
15060,Nicolás Romero,54402
15060,Nicolás Romero,54405
15060,Nicolás Romero,54407
15060,Nicolás Romero,54408
15060,Nicolás Romero,54409
15060,Nicolás Romero,54410
15060,Nicolás Romero,54413
15060,Nicolás Romero,54414
15060,Nicolás Romero,54416
15060,Nicolás Romero,54417
15060,Nicolás Romero,54420
15060,Nicolás Romero,54424
15060,Nicolás Romero,54425
15060,Nicolás Romero,54426
15060,Nicolás Romero,54430
15060,Nicolás Romero,54434
15060,Nicolás Romero,54435
15060,Nicolás Romero,54439
15060,Nicolás Romero,54440
15060,Nicolás Romero,54448
15060,Nicolás Romero,54449
15060,Nicolás Romero,54455
15060,Nicolás Romero,54457
15060,Nicolás Romero,54459
15060,Nicolás Romero,54460
15060,Nicolás Romero,54463
15060,Nicolás Romero,54464
15060,Nicolás Romero,54466
15060,Nicolás Romero,54467
15060,Nicolás Romero,54469
15060,Nicolás Romero,54470
15060,Nicolás Romero,54473
15060,Nicolás Romero,54474
15060,Nicolás Romero,54475
15060,Nicolás Romero,54476
15060,Nicolás Romero,54477
15060,Nicolás Romero,54539
15061,Nopaltepec,55970
15061,Nopaltepec,55974
15061,Nopaltepec,55975
15061,Nopaltepec,55976
15061,Nopaltepec,55977
15061,Nopaltepec,55978
15062,Ocoyoacac,52740
15062,Ocoyoacac,52743
15062,Ocoyoacac,52750
15062,Ocoyoacac,52753
15062,Ocoyoacac,52754
15062,Ocoyoacac,52755
15062,Ocoyoacac,52756
15062,Ocoyoacac,52757
15063,Ocuilan,52480
15063,Ocuilan,52483
15063,Ocuilan,52484
15063,Ocuilan,52485
15063,Ocuilan,52486
15063,Ocuilan,52490
15063,Ocuilan,52493
15063,Ocuilan,52494
15063,Ocuilan,52495
15063,Ocuilan,52496
15063,Ocuilan,52497
15065,Otumba,55900
15065,Otumba,55910
15065,Otumba,55913
15065,Otumba,55914
15065,Otumba,55916
15065,Otumba,55920
15065,Otumba,55923
15065,Otumba,55924
15065,Otumba,55925
15065,Otumba,55926
15065,Otumba,55927
15065,Otumba,55930
15065,Otumba,55934
15065,Otumba,55935
15065,Otumba,55936
15065,Otumba,55937
15066,Otzoloapan,51130
15066,Otzoloapan,51136
15066,Otzoloapan,51137
15066,Otzoloapan,51138
15066,Otzoloapan,51139
15066,Otzoloapan,51140
15066,Otzoloapan,51144
15066,Otzoloapan,51145
15066,Otzoloapan,51147
15066,Otzoloapan,51149
15067,Otzolotepec,52080
15067,Otzolotepec,52082
15067,Otzolotepec,52083
15067,Otzolotepec,52084
15067,Otzolotepec,52085
15067,Otzolotepec,52088
15067,Otzolotepec,52089
15067,Otzolotepec,52090
15067,Otzolotepec,52095
15067,Otzolotepec,52096
15068,Ozumba,56800
15068,Ozumba,56803
15068,Ozumba,56804
15068,Ozumba,56805
15068,Ozumba,56806
15068,Ozumba,56810
15068,Ozumba,56813
15068,Ozumba,56814
15068,Ozumba,56815
15068,Ozumba,56820
15069,Papalotla,56050
15069,Papalotla,56053
15069,Papalotla,56054
15069,Papalotla,56055
15069,Papalotla,56056
15069,Papalotla,56057
15071,Polotitlán,54200
15071,Polotitlán,54203
15071,Polotitlán,54220
15071,Polotitlán,54223
15071,Polotitlán,54224
15071,Polotitlán,54225
15071,Polotitlán,54226
15071,Polotitlán,54227
15071,Polotitlán,54233
15071,Polotitlán,54234
15071,Polotitlán,54235
15071,Polotitlán,54236
15071,Polotitlán,54237
15072,Rayón,52360
15072,Rayón,52363
15072,Rayón,52364
15072,Rayón,52365
15072,Rayón,52366
15072,Rayón,52367
15073,San Antonio la Isla,52280
15073,San Antonio la Isla,52282
15073,San Antonio la Isla,52286
15073,San Antonio la Isla,52290
15074,San Felipe del Progreso,50640
15074,San Felipe del Progreso,50643
15074,San Felipe del Progreso,50646
15074,San Felipe del Progreso,50653
15074,San Felipe del Progreso,50654
15074,San Felipe del Progreso,50655
15074,San Felipe del Progreso,50656
15074,San Felipe del Progreso,50680
15074,San Felipe del Progreso,50683
15074,San Felipe del Progreso,50684
15074,San Felipe del Progreso,50685
15074,San Felipe del Progreso,50686
15074,San Felipe del Progreso,50687
15074,San Felipe del Progreso,50690
15074,San Felipe del Progreso,50693
15074,San Felipe del Progreso,50694
15074,San Felipe del Progreso,50695
15074,San Felipe del Progreso,50696
15074,San Felipe del Progreso,50697
15124,San José del Rincón,50660
15124,San José del Rincón,50663
15124,San José del Rincón,50664
15124,San José del Rincón,50665
15124,San José del Rincón,50666
15124,San José del Rincón,50667
15124,San José del Rincón,50668
15124,San José del Rincón,50670
15124,San José del Rincón,50673
15124,San José del Rincón,50674
15124,San José del Rincón,50675
15124,San José del Rincón,50676
15124,San José del Rincón,50677
15124,San José del Rincón,50678
15075,San Martín de las Pirámides,55850
15075,San Martín de las Pirámides,55852
15075,San Martín de las Pirámides,55853
15075,San Martín de las Pirámides,55854
15075,San Martín de las Pirámides,55855
15075,San Martín de las Pirámides,55856
15075,San Martín de las Pirámides,55859
15076,San Mateo Atenco,52100
15076,San Mateo Atenco,52104
15076,San Mateo Atenco,52105
15076,San Mateo Atenco,52106
15076,San Mateo Atenco,52107
15076,San Mateo Atenco,52110
15076,San Mateo Atenco,52120
15077,San Simón de Guerrero,51470
15077,San Simón de Guerrero,51474
15077,San Simón de Guerrero,51475
15077,San Simón de Guerrero,51476
15077,San Simón de Guerrero,51477
15077,San Simón de Guerrero,51479
15077,San Simón de Guerrero,51480
15077,San Simón de Guerrero,51483
15077,San Simón de Guerrero,51484
15077,San Simón de Guerrero,51485
15077,San Simón de Guerrero,51486
15078,Santo Tomás,51104
15078,Santo Tomás,51105
15078,Santo Tomás,51106
15078,Santo Tomás,51108
15078,Santo Tomás,51109
15078,Santo Tomás,51110
15078,Santo Tomás,51116
15078,Santo Tomás,51117
15079,Soyaniquilpan de Juárez,54280
15079,Soyaniquilpan de Juárez,54283
15079,Soyaniquilpan de Juárez,54284
15079,Soyaniquilpan de Juárez,54285
15079,Soyaniquilpan de Juárez,54286
15079,Soyaniquilpan de Juárez,54287
15079,Soyaniquilpan de Juárez,54290
15079,Soyaniquilpan de Juárez,54293
15079,Soyaniquilpan de Juárez,54294
15079,Soyaniquilpan de Juárez,54295
15079,Soyaniquilpan de Juárez,54296
15079,Soyaniquilpan de Juárez,54297
15080,Sultepec,51600
15080,Sultepec,51603
15080,Sultepec,51604
15080,Sultepec,51605
15080,Sultepec,51606
15080,Sultepec,51607
15080,Sultepec,51610
15080,Sultepec,51613
15080,Sultepec,51614
15080,Sultepec,51620
15080,Sultepec,51623
15080,Sultepec,51624
15080,Sultepec,51633
15080,Sultepec,51634
15080,Sultepec,51635
15080,Sultepec,51636
15080,Sultepec,51637
15080,Sultepec,51640
15080,Sultepec,51643
15080,Sultepec,51644
15080,Sultepec,51645
15080,Sultepec,51646
15080,Sultepec,51647
15080,Sultepec,51650
15080,Sultepec,51653
15080,Sultepec,51654
15081,Tecámac,55740
15081,Tecámac,55743
15081,Tecámac,55744
15081,Tecámac,55745
15081,Tecámac,55746
15081,Tecámac,55747
15081,Tecámac,55748
15081,Tecámac,55749
15081,Tecámac,55750
15081,Tecámac,55752
15081,Tecámac,55754
15081,Tecámac,55755
15081,Tecámac,55757
15081,Tecámac,55758
15081,Tecámac,55760
15081,Tecámac,55763
15081,Tecámac,55764
15081,Tecámac,55765
15081,Tecámac,55766
15081,Tecámac,55767
15081,Tecámac,55768
15081,Tecámac,55769
15081,Tecámac,55770
15081,Tecámac,55773
15081,Tecámac,55776
15081,Tecámac,55778
15082,Tejupilco,51400
15082,Tejupilco,51410
15082,Tejupilco,51412
15082,Tejupilco,51413
15082,Tejupilco,51414
15082,Tejupilco,51415
15082,Tejupilco,51416
15082,Tejupilco,51417
15082,Tejupilco,51418
15082,Tejupilco,51422
15082,Tejupilco,51423
15082,Tejupilco,51424
15082,Tejupilco,51425
15082,Tejupilco,51426
15082,Tejupilco,51427
15082,Tejupilco,51428
15082,Tejupilco,51430
15082,Tejupilco,51432
15082,Tejupilco,51433
15082,Tejupilco,51434
15082,Tejupilco,51435
15082,Tejupilco,51436
15082,Tejupilco,51437
15083,Temamatla,56650
15083,Temamatla,56653
15083,Temamatla,56654
15083,Temamatla,56655
15083,Temamatla,56656
15083,Temamatla,56657
15084,Temascalapa,55980
15084,Temascalapa,55983
15084,Temascalapa,55984
15084,Temascalapa,55985
15084,Temascalapa,55988
15084,Temascalapa,55989
15084,Temascalapa,55990
15084,Temascalapa,55993
15084,Temascalapa,55994
15084,Temascalapa,55995
15084,Temascalapa,55996
15084,Temascalapa,55997
15084,Temascalapa,55998
15085,Temascalcingo,50400
15085,Temascalcingo,50410
15085,Temascalcingo,50413
15085,Temascalcingo,50414
15085,Temascalcingo,50415
15085,Temascalcingo,50420
15085,Temascalcingo,50423
15085,Temascalcingo,50424
15085,Temascalcingo,50425
15085,Temascalcingo,50430
15085,Temascalcingo,50433
15085,Temascalcingo,50434
15085,Temascalcingo,50435
15085,Temascalcingo,50440
15085,Temascalcingo,50443
15085,Temascalcingo,50444
15085,Temascalcingo,50445
15085,Temascalcingo,50446
15085,Temascalcingo,50447
15086,Temascaltepec,51300
15086,Temascaltepec,51303
15086,Temascaltepec,51304
15086,Temascaltepec,51305
15086,Temascaltepec,51310
15086,Temascaltepec,51314
15086,Temascaltepec,51315
15086,Temascaltepec,51320
15086,Temascaltepec,51323
15086,Temascaltepec,51324
15086,Temascaltepec,51325
15086,Temascaltepec,51326
15086,Temascaltepec,51340
15086,Temascaltepec,51344
15086,Temascaltepec,51345
15086,Temascaltepec,51346
15086,Temascaltepec,51349
15087,Temoaya,50850
15087,Temoaya,50860
15087,Temoaya,50863
15087,Temoaya,50864
15087,Temoaya,50865
15087,Temoaya,50866
15087,Temoaya,50867
15087,Temoaya,50868
15087,Temoaya,50870
15087,Temoaya,50874
15087,Temoaya,50880
15087,Temoaya,50883
15087,Temoaya,50884
15087,Temoaya,50885
15087,Temoaya,50886
15087,Temoaya,50890
15087,Temoaya,50893
15087,Temoaya,50894
15087,Temoaya,50895
15087,Temoaya,50896
15088,Tenancingo,52400
15088,Tenancingo,52403
15088,Tenancingo,52410
15088,Tenancingo,52413
15088,Tenancingo,52414
15088,Tenancingo,52420
15088,Tenancingo,52423
15088,Tenancingo,52424
15088,Tenancingo,52425
15088,Tenancingo,52430
15088,Tenancingo,52433
15088,Tenancingo,52434
15088,Tenancingo,52435
15088,Tenancingo,52436
15089,Tenango del Aire,56780
15089,Tenango del Aire,56783
15089,Tenango del Aire,56784
15089,Tenango del Aire,56785
15090,Tenango del Valle,52300
15090,Tenango del Valle,52303
15090,Tenango del Valle,52304
15090,Tenango del Valle,52305
15090,Tenango del Valle,52307
15090,Tenango del Valle,52310
15090,Tenango del Valle,52315
15090,Tenango del Valle,52316
15090,Tenango del Valle,52317
15090,Tenango del Valle,52320
15090,Tenango del Valle,52323
15090,Tenango del Valle,52330
15090,Tenango del Valle,52333
15090,Tenango del Valle,52334
15090,Tenango del Valle,52336
15090,Tenango del Valle,52337
15090,Tenango del Valle,52340
15090,Tenango del Valle,52343
15090,Tenango del Valle,52345
15090,Tenango del Valle,52346
15090,Tenango del Valle,52347
15090,Tenango del Valle,52350
15090,Tenango del Valle,52353
15090,Tenango del Valle,52354
15090,Tenango del Valle,52355
15090,Tenango del Valle,52356
15090,Tenango del Valle,52357
15091,Teoloyucan,54770
15091,Teoloyucan,54783
15091,Teoloyucan,54784
15091,Teoloyucan,54785
15091,Teoloyucan,54786
15091,Teoloyucan,54787
15091,Teoloyucan,54788
15092,Teotihuacán,55800
15092,Teotihuacán,55803
15092,Teotihuacán,55804
15092,Teotihuacán,55805
15092,Teotihuacán,55806
15092,Teotihuacán,55807
15092,Teotihuacán,55810
15092,Teotihuacán,55816
15092,Teotihuacán,55817
15092,Teotihuacán,55820
15092,Teotihuacán,55823
15092,Teotihuacán,55824
15092,Teotihuacán,55825
15092,Teotihuacán,55826
15092,Teotihuacán,55829
15092,Teotihuacán,55830
15092,Teotihuacán,55833
15092,Teotihuacán,55834
15092,Teotihuacán,55835
15092,Teotihuacán,55836
15092,Teotihuacán,55837
15092,Teotihuacán,55838
15092,Teotihuacán,55840
15092,Teotihuacán,55843
15092,Teotihuacán,55844
15092,Teotihuacán,55845
15092,Teotihuacán,55846
15092,Teotihuacán,55847
15093,Tepetlaoxtoc,56070
15093,Tepetlaoxtoc,56074
15093,Tepetlaoxtoc,56077
15093,Tepetlaoxtoc,56080
15093,Tepetlaoxtoc,56083
15093,Tepetlaoxtoc,56085
15093,Tepetlaoxtoc,56086
15093,Tepetlaoxtoc,56087
15093,Tepetlaoxtoc,56090
15093,Tepetlaoxtoc,56093
15093,Tepetlaoxtoc,56094
15093,Tepetlaoxtoc,56095
15093,Tepetlaoxtoc,56096
15094,Tepetlixpa,56880
15094,Tepetlixpa,56884
15094,Tepetlixpa,56885
15094,Tepetlixpa,56886
15094,Tepetlixpa,56890
15094,Tepetlixpa,56893
15094,Tepetlixpa,56894
15094,Tepetlixpa,56895
15095,Tepotzotlán,54600
15095,Tepotzotlán,54602
15095,Tepotzotlán,54603
15095,Tepotzotlán,54604
15095,Tepotzotlán,54605
15095,Tepotzotlán,54607
15095,Tepotzotlán,54608
15095,Tepotzotlán,54610
15095,Tepotzotlán,54614
15095,Tepotzotlán,54616
15095,Tepotzotlán,54640
15095,Tepotzotlán,54645
15095,Tepotzotlán,54650
15095,Tepotzotlán,54655
15095,Tepotzotlán,54656
15095,Tepotzotlán,54657
15095,Tepotzotlán,54658
15096,Tequixquiac,55650
15096,Tequixquiac,55653
15096,Tequixquiac,55654
15096,Tequixquiac,55655
15096,Tequixquiac,55656
15096,Tequixquiac,55657
15097,Texcaltitlán,51670
15097,Texcaltitlán,51673
15097,Texcaltitlán,51674
15097,Texcaltitlán,51675
15097,Texcaltitlán,51676
15097,Texcaltitlán,51680
15097,Texcaltitlán,51690
15097,Texcaltitlán,51693
15097,Texcaltitlán,51694
15097,Texcaltitlán,51695
15097,Texcaltitlán,51696
15097,Texcaltitlán,51697
15098,Texcalyacac,52570
15098,Texcoco,56100
15098,Texcoco,56103
15098,Texcoco,56105
15098,Texcoco,56106
15098,Texcoco,56110
15098,Texcoco,56120
15098,Texcoco,56130
15098,Texcoco,56140
15098,Texcoco,56150
15098,Texcoco,56160
15098,Texcoco,56170
15098,Texcoco,56200
15098,Texcoco,56203
15098,Texcoco,56204
15098,Texcoco,56205
15098,Texcoco,56207
15098,Texcoco,56208
15098,Texcoco,56210
15098,Texcoco,56213
15098,Texcoco,56214
15098,Texcoco,56215
15098,Texcoco,56216
15098,Texcoco,56217
15098,Texcoco,56220
15098,Texcoco,56223
15098,Texcoco,56224
15098,Texcoco,56225
15098,Texcoco,56226
15098,Texcoco,56227
15098,Texcoco,56230
15098,Texcoco,56233
15098,Texcoco,56235
15098,Texcoco,56236
15098,Texcoco,56237
15098,Texcoco,56240
15098,Texcoco,56243
15098,Texcoco,56244
15098,Texcoco,56245
15098,Texcoco,56246
15098,Texcoco,56247
15098,Texcoco,56250
15098,Texcoco,56253
15098,Texcoco,56254
15098,Texcoco,56255
15098,Texcoco,56256
15098,Texcoco,56257
15098,Texcoco,56260
15098,Texcoco,56263
15098,Texcoco,56264
15098,Texcoco,56265
15098,Texcoco,56266
15098,Texcoco,56267
15100,Tezoyuca,56000
15100,Tezoyuca,56003
15100,Tezoyuca,56004
15100,Tezoyuca,56005
15100,Tezoyuca,56006
15100,Tezoyuca,56007
15100,Tezoyuca,56010
15100,Tezoyuca,56020
15100,Tezoyuca,56023
15100,Tezoyuca,56024
15100,Tezoyuca,56025
15100,Tezoyuca,56026
15100,Tezoyuca,56027
15101,Tianguistenco,52600
15101,Tianguistenco,52604
15101,Tianguistenco,52605
15101,Tianguistenco,52606
15101,Tianguistenco,52607
15101,Tianguistenco,52610
15101,Tianguistenco,52613
15101,Tianguistenco,52614
15101,Tianguistenco,52640
15101,Tianguistenco,52644
15101,Tianguistenco,52645
15101,Tianguistenco,52646
15101,Tianguistenco,52650
15101,Tianguistenco,52653
15101,Tianguistenco,52654
15101,Tianguistenco,52655
15101,Tianguistenco,52656
15101,Tianguistenco,52660
15101,Tianguistenco,52663
15101,Tianguistenco,52664
15101,Tianguistenco,52665
15101,Tianguistenco,52666
15101,Tianguistenco,52667
15102,Timilpan,50500
15102,Timilpan,50503
15102,Timilpan,50504
15102,Timilpan,50505
15102,Timilpan,50507
15102,Timilpan,50508
15102,Timilpan,50509
15102,Timilpan,50510
15102,Timilpan,50520
15102,Timilpan,50523
15102,Timilpan,50524
15102,Timilpan,50525
15102,Timilpan,50526
15102,Timilpan,50527
15102,Timilpan,50528
15102,Timilpan,50540
15103,Tlamanalco,56700
15103,Tlamanalco,56703
15103,Tlamanalco,56704
15103,Tlamanalco,56710
15103,Tlamanalco,56713
15103,Tlamanalco,56714
15103,Tlamanalco,56715
15103,Tlamanalco,56716
15103,Tlamanalco,56720
15103,Tlamanalco,56723
15103,Tlamanalco,56726
15103,Tlamanalco,56730
15103,Tlamanalco,56731
15103,Tlamanalco,56735
15103,Tlamanalco,56740
15103,Tlamanalco,56743
15103,Tlamanalco,56744
15103,Tlamanalco,56745
15103,Tlamanalco,56746
15103,Tlamanalco,56747
15104,Tlalnepantla de Baz,54000
15104,Tlalnepantla de Baz,54009
15104,Tlalnepantla de Baz,54010
15104,Tlalnepantla de Baz,54015
15104,Tlalnepantla de Baz,54016
15104,Tlalnepantla de Baz,54017
15104,Tlalnepantla de Baz,54020
15104,Tlalnepantla de Baz,54021
15104,Tlalnepantla de Baz,54022
15104,Tlalnepantla de Baz,54023
15104,Tlalnepantla de Baz,54025
15104,Tlalnepantla de Baz,54026
15104,Tlalnepantla de Baz,54028
15104,Tlalnepantla de Baz,54030
15104,Tlalnepantla de Baz,54033
15104,Tlalnepantla de Baz,54037
15104,Tlalnepantla de Baz,54038
15104,Tlalnepantla de Baz,54040
15104,Tlalnepantla de Baz,54049
15104,Tlalnepantla de Baz,54050
15104,Tlalnepantla de Baz,54054
15104,Tlalnepantla de Baz,54055
15104,Tlalnepantla de Baz,54057
15104,Tlalnepantla de Baz,54059
15104,Tlalnepantla de Baz,54060
15104,Tlalnepantla de Baz,54063
15104,Tlalnepantla de Baz,54067
15104,Tlalnepantla de Baz,54068
15104,Tlalnepantla de Baz,54069
15104,Tlalnepantla de Baz,54070
15104,Tlalnepantla de Baz,54073
15104,Tlalnepantla de Baz,54075
15104,Tlalnepantla de Baz,54076
15104,Tlalnepantla de Baz,54080
15104,Tlalnepantla de Baz,54088
15104,Tlalnepantla de Baz,54090
15104,Tlalnepantla de Baz,54092
15104,Tlalnepantla de Baz,54093
15104,Tlalnepantla de Baz,54094
15104,Tlalnepantla de Baz,54098
15104,Tlalnepantla de Baz,54100
15104,Tlalnepantla de Baz,54108
15104,Tlalnepantla de Baz,54109
15104,Tlalnepantla de Baz,54110
15104,Tlalnepantla de Baz,54118
15104,Tlalnepantla de Baz,54119
15104,Tlalnepantla de Baz,54120
15104,Tlalnepantla de Baz,54124
15104,Tlalnepantla de Baz,54126
15104,Tlalnepantla de Baz,54127
15104,Tlalnepantla de Baz,54128
15104,Tlalnepantla de Baz,54130
15104,Tlalnepantla de Baz,54134
15104,Tlalnepantla de Baz,54135
15104,Tlalnepantla de Baz,54136
15104,Tlalnepantla de Baz,54140
15104,Tlalnepantla de Baz,54142
15104,Tlalnepantla de Baz,54143
15104,Tlalnepantla de Baz,54145
15104,Tlalnepantla de Baz,54146
15104,Tlalnepantla de Baz,54147
15104,Tlalnepantla de Baz,54149
15104,Tlalnepantla de Baz,54150
15104,Tlalnepantla de Baz,54152
15104,Tlalnepantla de Baz,54158
15104,Tlalnepantla de Baz,54160
15104,Tlalnepantla de Baz,54162
15104,Tlalnepantla de Baz,54168
15104,Tlalnepantla de Baz,54170
15104,Tlalnepantla de Baz,54172
15104,Tlalnepantla de Baz,54173
15104,Tlalnepantla de Baz,54180
15104,Tlalnepantla de Baz,54187
15104,Tlalnepantla de Baz,54189
15104,Tlalnepantla de Baz,54190
15104,Tlalnepantla de Baz,54193
15104,Tlalnepantla de Baz,54195
15104,Tlalnepantla de Baz,54196
15104,Tlalnepantla de Baz,54197
15104,Tlalnepantla de Baz,54198
15105,Tlatlaya,51550
15105,Tlatlaya,51553
15105,Tlatlaya,51554
15105,Tlatlaya,51555
15105,Tlatlaya,51556
15105,Tlatlaya,51557
15105,Tlatlaya,51558
15105,Tlatlaya,51559
15105,Tlatlaya,51560
15105,Tlatlaya,51564
15105,Tlatlaya,51565
15105,Tlatlaya,51566
15105,Tlatlaya,51568
15105,Tlatlaya,51569
15105,Tlatlaya,51570
15105,Tlatlaya,51572
15105,Tlatlaya,51573
15105,Tlatlaya,51574
15105,Tlatlaya,51575
15105,Tlatlaya,51576
15105,Tlatlaya,51577
15105,Tlatlaya,51578
15105,Tlatlaya,51579
15105,Tlatlaya,51580
15105,Tlatlaya,51582
15105,Tlatlaya,51583
15105,Tlatlaya,51584
15105,Tlatlaya,51585
15105,Tlatlaya,51586
15105,Tlatlaya,51587
15105,Tlatlaya,51588
15105,Tlatlaya,51590
15105,Tlatlaya,51598
15105,Tlatlaya,51599
15106,Toluca,50000
15106,Toluca,50009
15106,Toluca,50010
15106,Toluca,50016
15106,Toluca,50017
15106,Toluca,50018
15106,Toluca,50019
15106,Toluca,50020
15106,Toluca,50026
15106,Toluca,50039
15106,Toluca,50040
15106,Toluca,50050
15106,Toluca,50060
15106,Toluca,50069
15106,Toluca,50070
15106,Toluca,50071
15106,Toluca,50075
15106,Toluca,50076
15106,Toluca,50080
15106,Toluca,50090
15106,Toluca,50100
15106,Toluca,50103
15106,Toluca,50110
15106,Toluca,50115
15106,Toluca,50120
15106,Toluca,50122
15106,Toluca,50123
15106,Toluca,50130
15106,Toluca,50140
15106,Toluca,50150
15106,Toluca,50160
15106,Toluca,50168
15106,Toluca,50170
15106,Toluca,50180
15106,Toluca,50190
15106,Toluca,50200
15106,Toluca,50203
15106,Toluca,50205
15106,Toluca,50206
15106,Toluca,50209
15106,Toluca,50210
15106,Toluca,50214
15106,Toluca,50220
15106,Toluca,50223
15106,Toluca,50225
15106,Toluca,50226
15106,Toluca,50227
15106,Toluca,50228
15106,Toluca,50230
15106,Toluca,50233
15106,Toluca,50235
15106,Toluca,50236
15106,Toluca,50240
15106,Toluca,50245
15106,Toluca,50246
15106,Toluca,50250
15106,Toluca,50253
15106,Toluca,50254
15106,Toluca,50255
15106,Toluca,50256
15106,Toluca,50257
15106,Toluca,50258
15106,Toluca,50260
15106,Toluca,50263
15106,Toluca,50264
15106,Toluca,50265
15106,Toluca,50266
15106,Toluca,50270
15106,Toluca,50273
15106,Toluca,50274
15106,Toluca,50280
15106,Toluca,50283
15106,Toluca,50284
15106,Toluca,50285
15106,Toluca,50286
15106,Toluca,50290
15106,Toluca,50293
15106,Toluca,50294
15106,Toluca,50295
15125,Tonanitla,55785
15107,Tonatico,51950
15107,Tonatico,51953
15107,Tonatico,51954
15107,Tonatico,51955
15107,Tonatico,51956
15107,Tonatico,51959
15107,Tonatico,51960
15107,Tonatico,51963
15107,Tonatico,51964
15107,Tonatico,51970
15107,Tonatico,51973
15107,Tonatico,51974
15107,Tonatico,51975
15107,Tonatico,51976
15107,Tonatico,51977
15108,Tultepec,54960
15108,Tultepec,54962
15108,Tultepec,54963
15108,Tultepec,54964
15108,Tultepec,54965
15108,Tultepec,54966
15108,Tultepec,54967
15108,Tultepec,54970
15108,Tultepec,54972
15108,Tultepec,54974
15108,Tultepec,54975
15108,Tultepec,54976
15108,Tultepec,54977
15108,Tultepec,54980
15108,Tultepec,54983
15108,Tultepec,54984
15108,Tultepec,54985
15108,Tultepec,54986
15108,Tultepec,54987
15108,Tultepec,54990
15109,Tultitlán,54900
15109,Tultitlán,54910
15109,Tultitlán,54913
15109,Tultitlán,54914
15109,Tultitlán,54915
15109,Tultitlán,54916
15109,Tultitlán,54918
15109,Tultitlán,54920
15109,Tultitlán,54924
15109,Tultitlán,54925
15109,Tultitlán,54926
15109,Tultitlán,54927
15109,Tultitlán,54929
15109,Tultitlán,54930
15109,Tultitlán,54932
15109,Tultitlán,54933
15109,Tultitlán,54934
15109,Tultitlán,54935
15109,Tultitlán,54938
15109,Tultitlán,54939
15109,Tultitlán,54940
15109,Tultitlán,54942
15109,Tultitlán,54943
15109,Tultitlán,54944
15109,Tultitlán,54945
15109,Tultitlán,54946
15109,Tultitlán,54948
15109,Tultitlán,54949
15109,Tultitlán,54950
15109,Tultitlán,54954
15109,Tultitlán,54955
15109,Tultitlán,54957
15109,Tultitlán,54958
15109,Tultitlán,54959
15110,Valle de Bravo,51200
15110,Valle de Bravo,51204
15110,Valle de Bravo,51206
15110,Valle de Bravo,51207
15110,Valle de Bravo,51208
15110,Valle de Bravo,51209
15110,Valle de Bravo,51210
15110,Valle de Bravo,51217
15110,Valle de Bravo,51218
15110,Valle de Bravo,51219
15110,Valle de Bravo,51220
15110,Valle de Bravo,51225
15110,Valle de Bravo,51226
15110,Valle de Bravo,51227
15110,Valle de Bravo,51229
15110,Valle de Bravo,51230
15110,Valle de Bravo,51237
15110,Valle de Bravo,51238
15110,Valle de Bravo,51239
15110,Valle de Bravo,51240
15110,Valle de Bravo,51245
15110,Valle de Bravo,51246
15110,Valle de Bravo,51247
15110,Valle de Bravo,51248
15122,Valle de Chalco Solidaridad,56610
15122,Valle de Chalco Solidaridad,56613
15122,Valle de Chalco Solidaridad,56614
15122,Valle de Chalco Solidaridad,56615
15122,Valle de Chalco Solidaridad,56616
15122,Valle de Chalco Solidaridad,56617
15122,Valle de Chalco Solidaridad,56618
15122,Valle de Chalco Solidaridad,56619
15111,Villa de Allende,51000
15111,Villa de Allende,51004
15111,Villa de Allende,51005
15111,Villa de Allende,51006
15111,Villa de Allende,51007
15111,Villa de Allende,51008
15111,Villa de Allende,51009
15111,Villa de Allende,51010
15111,Villa de Allende,51013
15111,Villa de Allende,51014
15111,Villa de Allende,51015
15111,Villa de Allende,51016
15111,Villa de Allende,51017
15111,Villa de Allende,51019
15111,Villa de Allende,51020
15111,Villa de Allende,51024
15111,Villa de Allende,51025
15111,Villa de Allende,51026
15111,Villa de Allende,51027
15111,Villa de Allende,51028
15111,Villa de Allende,51029
15112,Villa del Carbón,54300
15112,Villa del Carbón,54310
15112,Villa del Carbón,54313
15112,Villa del Carbón,54314
15112,Villa del Carbón,54315
15112,Villa del Carbón,54320
15112,Villa del Carbón,54324
15112,Villa del Carbón,54325
15112,Villa del Carbón,54326
15112,Villa del Carbón,54327
15112,Villa del Carbón,54330
15112,Villa del Carbón,54333
15112,Villa del Carbón,54334
15112,Villa del Carbón,54335
15112,Villa del Carbón,54336
15112,Villa del Carbón,54337
15112,Villa del Carbón,54340
15112,Villa del Carbón,54343
15112,Villa del Carbón,54345
15112,Villa del Carbón,54346
15113,Villa Guerrero,51760
15113,Villa Guerrero,51765
15113,Villa Guerrero,51766
15113,Villa Guerrero,51767
15113,Villa Guerrero,51773
15113,Villa Guerrero,51775
15113,Villa Guerrero,51776
15113,Villa Guerrero,51777
15113,Villa Guerrero,51780
15113,Villa Guerrero,51783
15113,Villa Guerrero,51784
15113,Villa Guerrero,51785
15113,Villa Guerrero,51786
15114,Villa Victoria,50960
15114,Villa Victoria,50963
15114,Villa Victoria,50964
15114,Villa Victoria,50965
15114,Villa Victoria,50966
15114,Villa Victoria,50967
15114,Villa Victoria,50970
15114,Villa Victoria,50973
15114,Villa Victoria,50974
15114,Villa Victoria,50975
15114,Villa Victoria,50980
15114,Villa Victoria,50983
15114,Villa Victoria,50984
15114,Villa Victoria,50985
15114,Villa Victoria,50986
15114,Villa Victoria,50987
15114,Villa Victoria,50990
15114,Villa Victoria,50993
15114,Villa Victoria,50994
15114,Villa Victoria,50995
15114,Villa Victoria,50996
15114,Villa Victoria,50997
15043,Xalatlaco,52680
15043,Xalatlaco,52683
15043,Xalatlaco,52684
15043,Xalatlaco,52685
15043,Xalatlaco,52686
15043,Xalatlaco,52688
15043,Xalatlaco,52689
15043,Xalatlaco,52690
15043,Xalatlaco,52693
15115,Xonacatlán,52060
15115,Xonacatlán,52063
15115,Xonacatlán,52064
15115,Xonacatlán,52065
15115,Xonacatlán,52067
15115,Xonacatlán,52070
15115,Xonacatlán,52073
15115,Xonacatlán,52074
15115,Xonacatlán,52075
15115,Xonacatlán,52076
15115,Xonacatlán,52077
15116,Zacazonapan,51160
15116,Zacazonapan,51163
15116,Zacazonapan,51164
15116,Zacazonapan,51170
15116,Zacazonapan,51173
15117,Zacualpan,51800
15117,Zacualpan,51810
15117,Zacualpan,51813
15117,Zacualpan,51814
15117,Zacualpan,51815
15117,Zacualpan,51816
15117,Zacualpan,51817
15117,Zacualpan,51820
15117,Zacualpan,51825
15117,Zacualpan,51826
15117,Zacualpan,51827
15117,Zacualpan,51828
15117,Zacualpan,51850
15117,Zacualpan,51854
15117,Zacualpan,51855
15117,Zacualpan,51856
15117,Zacualpan,51857
15118,Zinacantepec,51350
15118,Zinacantepec,51354
15118,Zinacantepec,51355
15118,Zinacantepec,51356
15118,Zinacantepec,51357
15118,Zinacantepec,51360
15118,Zinacantepec,51364
15118,Zinacantepec,51366
15118,Zinacantepec,51367
15118,Zinacantepec,51370
15118,Zinacantepec,51373
15118,Zinacantepec,51374
15118,Zinacantepec,51375
15118,Zinacantepec,51380
15118,Zinacantepec,51383
15118,Zinacantepec,51384
15118,Zinacantepec,51385
15118,Zinacantepec,51386
15118,Zinacantepec,51390
15118,Zinacantepec,51393
15119,Zumpahuacán,51980
15119,Zumpahuacán,51984
15119,Zumpahuacán,51985
15119,Zumpahuacán,51986
15119,Zumpahuacán,51987
15119,Zumpahuacán,51988
15119,Zumpahuacán,51989
15119,Zumpahuacán,51990
15119,Zumpahuacán,51994
15119,Zumpahuacán,51995
15119,Zumpahuacán,51996
15119,Zumpahuacán,51997
15120,Zumpango,55600
15120,Zumpango,55603
15120,Zumpango,55604
15120,Zumpango,55605
15120,Zumpango,55606
15120,Zumpango,55607
15120,Zumpango,55609
15120,Zumpango,55610
15120,Zumpango,55613
15120,Zumpango,55614
15120,Zumpango,55615
15120,Zumpango,55616
15120,Zumpango,55619
15120,Zumpango,55620
15120,Zumpango,55628
15120,Zumpango,55629
15120,Zumpango,55630
15120,Zumpango,55634
15120,Zumpango,55635
15120,Zumpango,55636
15120,Zumpango,55637
15120,Zumpango,55640
15120,Zumpango,55643
15120,Zumpango,55644
15120,Zumpango,55645
15120,Zumpango,55646
